,swc_id,color,folder
0,SEU-ALLEN_local_17300_24244_18410_5388_CCFv3,#390062,cluster_1
1,SEU-ALLEN_local_17300_24612_19616_5167_CCFv3,#0cce35,cluster_1
2,SEU-ALLEN_local_17300_24910_31532_5034_CCFv3,#8cd0a4,cluster_1
3,SEU-ALLEN_local_17300_25145_31938_5048_CCFv3,#7d6277,cluster_1
4,SEU-ALLEN_local_17300_25590_20787_5613_CCFv3,#7248ad,cluster_1
5,SEU-ALLEN_local_17300_25616_20786_5612_CCFv3,#477183,cluster_1
6,SEU-ALLEN_local_17300_25768_22926_5158_CCFv3,#347a3f,cluster_1
7,SEU-ALLEN_local_17300_25789_32804_5128_CCFv3,#2c833f,cluster_1
8,SEU-ALLEN_local_17300_26286_34540_5108_CCFv3,#d80623,cluster_1
9,SEU-ALLEN_local_17539_19704_5146_5719_CCFv3,#1045d1,cluster_1
10,SEU-ALLEN_local_17539_19845_4952_5621_CCFv3,#0f4194,cluster_1
11,SEU-ALLEN_local_17542_11655_12316_6839_CCFv3,#2ff8d2,cluster_1
12,SEU-ALLEN_local_17542_11799_11882_6871_CCFv3,#6ff151,cluster_1
13,SEU-ALLEN_local_17542_11826_12003_6856_CCFv3,#771f54,cluster_1
14,SEU-ALLEN_local_17542_20746_25604_5548_CCFv3,#0d961f,cluster_1
15,SEU-ALLEN_local_17542_21485_17701_5967_CCFv3,#65ce0c,cluster_1
16,SEU-ALLEN_local_17542_21532_23037_5379_CCFv3,#d6cb4d,cluster_1
17,SEU-ALLEN_local_17542_21540_24434_5921_CCFv3,#70dd97,cluster_1
18,SEU-ALLEN_local_17542_21788_15924_5906_CCFv3,#e5feba,cluster_1
19,SEU-ALLEN_local_17542_21840_15996_5879_CCFv3,#8e6f03,cluster_1
20,SEU-ALLEN_local_17542_21841_16704_5774_CCFv3,#0353ce,cluster_1
21,SEU-ALLEN_local_17542_21922_15911_5914_CCFv3,#51bedd,cluster_1
22,SEU-ALLEN_local_17542_22010_16196_5899_CCFv3,#d860ea,cluster_1
23,SEU-ALLEN_local_17542_22329_21626_6179_CCFv3,#ae3550,cluster_1
24,SEU-ALLEN_local_17542_22340_21302_6193_CCFv3,#8e4527,cluster_1
25,SEU-ALLEN_local_17542_22468_21235_6228_CCFv3,#4f9b02,cluster_1
26,SEU-ALLEN_local_17542_22767_21236_5981_CCFv3,#6e3d9a,cluster_1
27,SEU-ALLEN_local_17542_22794_21679_6218_CCFv3,#ac561e,cluster_1
28,SEU-ALLEN_local_17781_12416_10271_6639_CCFv3,#3454e7,cluster_1
29,SEU-ALLEN_local_17781_6456_33787_6345_CCFv3,#2f7c62,cluster_1
30,SEU-ALLEN_local_17782_39166_12539_6524_CCFv3,#c285d4,cluster_1
31,SEU-ALLEN_local_17782_6611_10745_7213_CCFv3,#3184cf,cluster_1
32,SEU-ALLEN_local_17782_9525_19113_7395_CCFv3,#b7cc25,cluster_1
33,SEU-ALLEN_local_17783_22252_7043_5286_CCFv3,#b01af6,cluster_1
34,SEU-ALLEN_local_17783_22674_6659_5497_CCFv3,#876f47,cluster_1
35,SEU-ALLEN_local_17783_23479_6440_5166_CCFv3,#163f22,cluster_1
36,SEU-ALLEN_local_17785_29409_9825_6174_CCFv3,#eb39bc,cluster_1
37,SEU-ALLEN_local_17785_29654_11133_6232_CCFv3,#3fe936,cluster_1
38,SEU-ALLEN_local_17785_4232_9742_6576_CCFv3,#c1cf42,cluster_1
39,SEU-ALLEN_local_17785_6705_14899_6080_CCFv3,#28587f,cluster_1
40,SEU-ALLEN_local_18047_4340_16434_7619_CCFv3,#961b76,cluster_1
41,SEU-ALLEN_local_18047_4649_17206_7637_CCFv3,#b92839,cluster_1
42,SEU-ALLEN_local_18047_5886_18654_7636_CCFv3,#6273a6,cluster_1
43,SEU-ALLEN_local_18047_5968_18465_7558_CCFv3,#239cbb,cluster_1
44,SEU-ALLEN_local_18047_7999_19323_7355_CCFv3,#17764b,cluster_1
45,SEU-ALLEN_local_182712_10920_32667_6787_CCFv3,#74af15,cluster_1
46,SEU-ALLEN_local_182712_13514_31536_7015_CCFv3,#942aa8,cluster_1
47,SEU-ALLEN_local_182712_13797_32225_6877_CCFv3,#28da7e,cluster_1
48,SEU-ALLEN_local_182712_15881_30105_6426_CCFv3,#77305d,cluster_1
49,SEU-ALLEN_local_182712_16094_6592_6715_CCFv3,#33b675,cluster_1
50,SEU-ALLEN_local_182712_18170_8664_6367_CCFv3,#c29fe7,cluster_1
51,SEU-ALLEN_local_182712_6202_29004_5988_CCFv3,#8e528e,cluster_1
52,SEU-ALLEN_local_182712_6858_11506_5863_CCFv3,#e82565,cluster_1
53,SEU-ALLEN_local_182712_6972_29877_6067_CCFv3,#bacb48,cluster_1
54,SEU-ALLEN_local_182712_8040_31128_6206_CCFv3,#534765,cluster_1
55,SEU-ALLEN_local_182722_6493_12339_5875_CCFv3,#bd885c,cluster_1
56,SEU-ALLEN_local_182722_6907_11914_5133_CCFv3,#b5e60a,cluster_1
57,SEU-ALLEN_local_182722_7728_9760_5410_CCFv3,#6b4481,cluster_1
58,SEU-ALLEN_local_182722_8044_12391_4789_CCFv3,#88b151,cluster_1
59,SEU-ALLEN_local_182722_8056_13803_5161_CCFv3,#248ede,cluster_1
60,SEU-ALLEN_local_182722_8060_14662_4674_CCFv3,#579f7c,cluster_1
61,SEU-ALLEN_local_182722_8246_12289_4815_CCFv3,#7d57db,cluster_1
62,SEU-ALLEN_local_182722_8301_12887_4761_CCFv3,#53a97d,cluster_1
63,SEU-ALLEN_local_182722_8306_12571_4748_CCFv3,#ecad5e,cluster_1
64,SEU-ALLEN_local_182722_8473_15074_5245_CCFv3,#c247fb,cluster_1
65,SEU-ALLEN_local_18454_6922_16391_6780_CCFv3,#8a3699,cluster_1
66,SEU-ALLEN_local_18454_7664_16677_6757_CCFv3,#707166,cluster_1
67,SEU-ALLEN_local_18454_8410_16422_6961_CCFv3,#a60862,cluster_1
68,SEU-ALLEN_local_18458_33565_15944_6522_CCFv3,#1ca3e6,cluster_1
69,SEU-ALLEN_local_18458_33599_15158_6323_CCFv3,#7545c9,cluster_1
70,SEU-ALLEN_local_18464_28490_17726_6524_CCFv3,#106f71,cluster_1
71,SEU-ALLEN_local_18464_29792_13051_6160_CCFv3,#a1830f,cluster_1
72,SEU-ALLEN_local_18465_20547_6019_5599_CCFv3,#cd6578,cluster_1
73,SEU-ALLEN_local_18465_5309_11571_6355_CCFv3,#891555,cluster_1
74,SEU-ALLEN_local_18465_5483_11506_6345_CCFv3,#21e379,cluster_1
75,SEU-ALLEN_local_18467_16110_6875_6146_CCFv3,#6c05f1,cluster_1
76,SEU-ALLEN_local_18469_10484_42970_6572_CCFv3,#a11d75,cluster_1
77,SEU-ALLEN_local_18469_10931_14715_6733_CCFv3,#6cdd62,cluster_1
78,SEU-ALLEN_local_18469_11521_14256_6256_CCFv3,#ff9b3d,cluster_1
79,SEU-ALLEN_local_18469_12186_13649_6582_CCFv3,#ca9043,cluster_1
80,SEU-ALLEN_local_18469_12277_13466_6791_CCFv3,#eaeea1,cluster_1
81,SEU-ALLEN_local_18469_14188_44649_6865_CCFv3,#492677,cluster_1
82,SEU-ALLEN_local_18469_14368_44907_6646_CCFv3,#879e5f,cluster_1
83,SEU-ALLEN_local_18469_7414_36870_6293_CCFv3,#477da0,cluster_1
84,SEU-ALLEN_local_18469_7657_36755_6358_CCFv3,#7e45f5,cluster_1
85,SEU-ALLEN_local_18469_8073_20259_6166_CCFv3,#868611,cluster_1
86,SEU-ALLEN_local_18469_8151_20273_6253_CCFv3,#db5bad,cluster_1
87,SEU-ALLEN_local_18469_8841_17507_6485_CCFv3,#cc7e39,cluster_1
88,SEU-ALLEN_local_18469_9044_32596_5842_CCFv3,#b95799,cluster_1
89,SEU-ALLEN_local_18469_9545_25312_5785_CCFv3,#704acf,cluster_1
90,SEU-ALLEN_local_18470_20620_36122_5266_CCFv3,#46d36b,cluster_1
91,SEU-ALLEN_local_18470_9538_16042_6267_CCFv3,#fcae1b,cluster_1
92,SEU-ALLEN_local_18860_22274_7716_5418_CCFv3,#2e8bad,cluster_1
93,SEU-ALLEN_local_18860_22663_7607_5604_CCFv3,#181fa3,cluster_1
94,SEU-ALLEN_local_18861_7669_11994_6486_CCFv3,#3823ee,cluster_1
95,SEU-ALLEN_local_18861_7868_9175_6398_CCFv3,#4e4137,cluster_1
96,SEU-ALLEN_local_18861_7882_9195_6323_CCFv3,#51e929,cluster_1
97,SEU-ALLEN_local_18861_7894_8621_6568_CCFv3,#d82559,cluster_1
98,SEU-ALLEN_local_18861_8088_8788_6371_CCFv3,#2086b4,cluster_1
99,SEU-ALLEN_local_18861_8154_8327_6517_CCFv3,#c50038,cluster_1
100,SEU-ALLEN_local_18861_8281_8605_6331_CCFv3,#c3639a,cluster_1
101,SEU-ALLEN_local_18861_8369_7806_6662_CCFv3,#efa43c,cluster_1
102,SEU-ALLEN_local_18861_8477_8394_6309_CCFv3,#80b959,cluster_1
103,SEU-ALLEN_local_18861_8512_8099_6277_CCFv3,#05e0d7,cluster_1
104,SEU-ALLEN_local_18861_8513_7704_6516_CCFv3,#3aa686,cluster_1
105,SEU-ALLEN_local_18861_8572_8129_6219_CCFv3,#889d4f,cluster_1
106,SEU-ALLEN_local_18861_8680_8026_6216_CCFv3,#ae2b7a,cluster_1
107,SEU-ALLEN_local_18861_8754_7982_6192_CCFv3,#391d5d,cluster_1
108,SEU-ALLEN_local_18865_23211_4624_6326_CCFv3,#9645a6,cluster_1
109,SEU-ALLEN_local_18865_28713_13490_7418_CCFv3,#de998d,cluster_1
110,SEU-ALLEN_local_18865_29050_13604_7232_CCFv3,#50fa0d,cluster_1
111,SEU-ALLEN_local_18865_29379_7981_6931_CCFv3,#e84e79,cluster_1
112,SEU-ALLEN_local_18865_29980_8699_7184_CCFv3,#01a95e,cluster_1
113,SEU-ALLEN_local_18865_7238_5871_7187_CCFv3,#86daed,cluster_1
114,SEU-ALLEN_local_18865_7532_5485_7289_CCFv3,#5b7842,cluster_1
115,SEU-ALLEN_local_18865_7599_5795_7417_CCFv3,#367b7a,cluster_1
116,SEU-ALLEN_local_18865_7632_5441_7030_CCFv3,#98cdc1,cluster_1
117,SEU-ALLEN_local_18865_7640_5829_6885_CCFv3,#65d7ad,cluster_1
118,SEU-ALLEN_local_18865_9514_5069_6489_CCFv3,#4e40f2,cluster_1
119,SEU-ALLEN_local_18866_22376_11621_7078_CCFv3,#bf71a2,cluster_1
120,SEU-ALLEN_local_18866_22768_11347_6694_CCFv3,#52b68e,cluster_1
121,SEU-ALLEN_local_18866_22898_11038_6716_CCFv3,#004af5,cluster_1
122,SEU-ALLEN_local_18866_23435_6619_7470_CCFv3,#a5f7c8,cluster_1
123,SEU-ALLEN_local_18866_23542_10669_6712_CCFv3,#fa2a87,cluster_1
124,SEU-ALLEN_local_18866_24108_9712_6744_CCFv3,#09f8db,cluster_1
125,SEU-ALLEN_local_18866_24179_9358_6824_CCFv3,#3946b9,cluster_1
126,SEU-ALLEN_local_18867_18353_6887_5365_CCFv3,#b9d89d,cluster_1
127,SEU-ALLEN_local_18868_10496_6832_5661_CCFv3,#9d727d,cluster_1
128,SEU-ALLEN_local_18868_14372_7067_5177_CCFv3,#7a997e,cluster_1
129,SEU-ALLEN_local_18868_15676_7189_5560_CCFv3,#1da85e,cluster_1
130,SEU-ALLEN_local_18868_19256_7271_5502_CCFv3,#7b5385,cluster_1
131,SEU-ALLEN_local_18868_22211_6252_5583_CCFv3,#2852d8,cluster_1
132,SEU-ALLEN_local_18868_25373_7019_5268_CCFv3,#2bdac4,cluster_1
133,SEU-ALLEN_local_18868_31014_10882_6880_CCFv3,#f8d3bd,cluster_1
134,SEU-ALLEN_local_18869_13694_4948_5215_CCFv3,#236fd2,cluster_1
135,SEU-ALLEN_local_18872_10103_3546_5844_CCFv3,#4063ae,cluster_1
136,SEU-ALLEN_local_18872_10352_3597_5762_CCFv3,#41bc86,cluster_1
137,SEU-ALLEN_local_18872_10753_4386_5653_CCFv3,#f35836,cluster_1
138,SEU-ALLEN_local_18872_11129_4618_5613_CCFv3,#548b85,cluster_1
139,SEU-ALLEN_local_18872_14237_5009_5454_CCFv3,#87b580,cluster_1
140,SEU-ALLEN_local_18872_15907_4345_5633_CCFv3,#d8a589,cluster_1
141,SEU-ALLEN_local_18872_19783_10689_6334_CCFv3,#6c70d0,cluster_1
142,SEU-ALLEN_local_191797_12105_22240_6778_CCFv3,#66fd45,cluster_1
143,SEU-ALLEN_local_191797_4240_20900_6374_CCFv3,#9f9947,cluster_1
144,SEU-ALLEN_local_191797_4386_21187_6057_CCFv3,#cc48b7,cluster_1
145,SEU-ALLEN_local_191797_4532_20276_5637_CCFv3,#bf30f8,cluster_1
146,SEU-ALLEN_local_191797_4550_17620_5907_CCFv3,#e04ea7,cluster_1
147,SEU-ALLEN_local_191797_4591_17448_5701_CCFv3,#e72931,cluster_1
148,SEU-ALLEN_local_191797_4651_21785_6176_CCFv3,#3df443,cluster_1
149,SEU-ALLEN_local_191797_4660_21906_6628_CCFv3,#7eed7c,cluster_1
150,SEU-ALLEN_local_191797_4682_21663_6038_CCFv3,#730b87,cluster_1
151,SEU-ALLEN_local_191797_4738_21039_5730_CCFv3,#20c800,cluster_1
152,SEU-ALLEN_local_191797_4906_22456_6340_CCFv3,#ad198d,cluster_1
153,SEU-ALLEN_local_191797_4934_17107_5587_CCFv3,#0ac500,cluster_1
154,SEU-ALLEN_local_191797_4962_17272_5983_CCFv3,#75d199,cluster_1
155,SEU-ALLEN_local_191797_4997_17209_5424_CCFv3,#70c055,cluster_1
156,SEU-ALLEN_local_191797_4999_17622_5281_CCFv3,#03ae84,cluster_1
157,SEU-ALLEN_local_191797_5083_17518_5268_CCFv3,#245934,cluster_1
158,SEU-ALLEN_local_191797_5084_22805_6589_CCFv3,#1e24b3,cluster_1
159,SEU-ALLEN_local_191797_5094_16961_5469_CCFv3,#7537db,cluster_1
160,SEU-ALLEN_local_191797_5118_17123_6038_CCFv3,#22824b,cluster_1
161,SEU-ALLEN_local_191797_5132_22514_6154_CCFv3,#10155b,cluster_1
162,SEU-ALLEN_local_191797_5184_16778_5739_CCFv3,#a92dec,cluster_1
163,SEU-ALLEN_local_191797_5188_17087_5992_CCFv3,#24476a,cluster_1
164,SEU-ALLEN_local_191797_5205_17141_5319_CCFv3,#79dbbe,cluster_1
165,SEU-ALLEN_local_191797_5236_16877_5895_CCFv3,#8e9492,cluster_1
166,SEU-ALLEN_local_191797_5260_22970_6686_CCFv3,#f8883f,cluster_1
167,SEU-ALLEN_local_191797_5266_16790_5775_CCFv3,#6db072,cluster_1
168,SEU-ALLEN_local_191797_5274_22556_6023_CCFv3,#43be60,cluster_1
169,SEU-ALLEN_local_191797_5292_16627_5682_CCFv3,#f201ef,cluster_1
170,SEU-ALLEN_local_191797_5341_16961_5286_CCFv3,#7c6a22,cluster_1
171,SEU-ALLEN_local_191797_5449_16382_5746_CCFv3,#f22982,cluster_1
172,SEU-ALLEN_local_191797_5479_11999_6059_CCFv3,#d06a29,cluster_1
173,SEU-ALLEN_local_191797_5491_23125_6797_CCFv3,#617d68,cluster_1
174,SEU-ALLEN_local_191797_5496_17630_5117_CCFv3,#304b78,cluster_1
175,SEU-ALLEN_local_191797_5534_14012_5665_CCFv3,#31a0ea,cluster_1
176,SEU-ALLEN_local_191797_5609_15916_5759_CCFv3,#dcb2bd,cluster_1
177,SEU-ALLEN_local_191797_5631_16055_5565_CCFv3,#b5667d,cluster_1
178,SEU-ALLEN_local_191797_5748_23442_6371_CCFv3,#d8df4c,cluster_1
179,SEU-ALLEN_local_191797_5752_23421_6403_CCFv3,#d27bff,cluster_1
180,SEU-ALLEN_local_191797_5760_12559_5799_CCFv3,#ef1ddb,cluster_1
181,SEU-ALLEN_local_191797_5791_12545_5785_CCFv3,#1bbc53,cluster_1
182,SEU-ALLEN_local_191797_5972_12319_5342_CCFv3,#3263d3,cluster_1
183,SEU-ALLEN_local_191797_6089_23844_6560_CCFv3,#1f089f,cluster_1
184,SEU-ALLEN_local_191797_6099_23528_6291_CCFv3,#ce2460,cluster_1
185,SEU-ALLEN_local_191797_6132_6972_6727_CCFv3,#adb912,cluster_1
186,SEU-ALLEN_local_191797_6287_6870_6506_CCFv3,#37f21c,cluster_1
187,SEU-ALLEN_local_191797_6296_14007_5291_CCFv3,#7f4fe2,cluster_1
188,SEU-ALLEN_local_191797_6418_13975_5331_CCFv3,#621818,cluster_1
189,SEU-ALLEN_local_191797_6424_8317_6254_CCFv3,#61630f,cluster_1
190,SEU-ALLEN_local_191797_6471_8245_6553_CCFv3,#e5b0ac,cluster_1
191,SEU-ALLEN_local_191797_6499_13270_5416_CCFv3,#47c5f9,cluster_1
192,SEU-ALLEN_local_191797_6785_6252_6656_CCFv3,#d800de,cluster_1
193,SEU-ALLEN_local_191797_6927_6181_6975_CCFv3,#5df224,cluster_1
194,SEU-ALLEN_local_191797_6979_6134_6852_CCFv3,#8e9d78,cluster_1
195,SEU-ALLEN_local_191797_7094_5968_6906_CCFv3,#ecdd96,cluster_1
196,SEU-ALLEN_local_191797_8595_5506_6501_CCFv3,#7fe6a1,cluster_1
197,SEU-ALLEN_local_191797_9057_24832_6397_CCFv3,#2698d9,cluster_1
198,SEU-ALLEN_local_191798_12580_7655_6454_CCFv3,#e2e208,cluster_1
199,SEU-ALLEN_local_191798_4480_22154_6742_CCFv3,#322117,cluster_1
200,SEU-ALLEN_local_15257_11828_9319_6464_CCFv3,#19e6b6,cluster_2
201,SEU-ALLEN_local_15257_6400_10326_5831_CCFv3,#078e57,cluster_2
202,SEU-ALLEN_local_15257_8339_8994_6371_CCFv3,#2fc023,cluster_2
203,SEU-ALLEN_local_15257_9477_30398_6228_CCFv3,#7906bb,cluster_2
204,SEU-ALLEN_local_17300_25636_37286_5102_CCFv3,#5526ba,cluster_2
205,SEU-ALLEN_local_17300_25798_22934_5158_CCFv3,#d01580,cluster_2
206,SEU-ALLEN_local_17300_26196_35286_5088_CCFv3,#f8a5f4,cluster_2
207,SEU-ALLEN_local_17302_15370_13506_5724_CCFv3,#f6749c,cluster_2
208,SEU-ALLEN_local_17302_18182_13488_6150_CCFv3,#6d7049,cluster_2
209,SEU-ALLEN_local_17542_11449_12235_6916_CCFv3,#cd5527,cluster_2
210,SEU-ALLEN_local_17542_11701_12622_6802_CCFv3,#1e0575,cluster_2
211,SEU-ALLEN_local_17542_11939_12080_6861_CCFv3,#544b51,cluster_2
212,SEU-ALLEN_local_17542_12111_11720_6856_CCFv3,#c208c3,cluster_2
213,SEU-ALLEN_local_17542_20657_41907_6940_CCFv3,#011a82,cluster_2
214,SEU-ALLEN_local_17542_21231_23421_5341_CCFv3,#c7e55c,cluster_2
215,SEU-ALLEN_local_17542_21299_22909_5344_CCFv3,#87c8b1,cluster_2
216,SEU-ALLEN_local_17542_21371_23705_5445_CCFv3,#e8f6db,cluster_2
217,SEU-ALLEN_local_17542_21434_21948_5378_CCFv3,#920c2f,cluster_2
218,SEU-ALLEN_local_17542_21453_17452_6018_CCFv3,#d8946f,cluster_2
219,SEU-ALLEN_local_17542_21523_23467_5487_CCFv3,#f92cfe,cluster_2
220,SEU-ALLEN_local_17542_21561_23767_5635_CCFv3,#4f4187,cluster_2
221,SEU-ALLEN_local_17542_21635_24355_5940_CCFv3,#613a4b,cluster_2
222,SEU-ALLEN_local_17542_21672_21784_5481_CCFv3,#97ea16,cluster_2
223,SEU-ALLEN_local_17542_21704_22896_5426_CCFv3,#6f767d,cluster_2
224,SEU-ALLEN_local_17542_21746_22105_5867_CCFv3,#1df185,cluster_2
225,SEU-ALLEN_local_17542_21748_24102_5801_CCFv3,#1f35d4,cluster_2
226,SEU-ALLEN_local_17542_21803_18517_5894_CCFv3,#a090cf,cluster_2
227,SEU-ALLEN_local_17542_21811_23294_5982_CCFv3,#1d44c4,cluster_2
228,SEU-ALLEN_local_17542_21843_31706_5783_CCFv3,#19ac41,cluster_2
229,SEU-ALLEN_local_17542_21960_16578_5800_CCFv3,#f41d9f,cluster_2
230,SEU-ALLEN_local_17542_21978_22379_5604_CCFv3,#509b05,cluster_2
231,SEU-ALLEN_local_17542_22010_22448_5962_CCFv3,#1d1f51,cluster_2
232,SEU-ALLEN_local_17542_22024_23724_5942_CCFv3,#29045e,cluster_2
233,SEU-ALLEN_local_17542_22101_40250_6893_CCFv3,#5f2473,cluster_2
234,SEU-ALLEN_local_17542_22146_22868_5719_CCFv3,#23153a,cluster_2
235,SEU-ALLEN_local_17542_22179_23432_6018_CCFv3,#22cbc4,cluster_2
236,SEU-ALLEN_local_17542_22187_32132_5916_CCFv3,#786ca5,cluster_2
237,SEU-ALLEN_local_17542_22327_32343_5925_CCFv3,#cebbab,cluster_2
238,SEU-ALLEN_local_17542_22466_21437_6251_CCFv3,#3d61c7,cluster_2
239,SEU-ALLEN_local_17542_22567_32656_5700_CCFv3,#7e0ff0,cluster_2
240,SEU-ALLEN_local_17542_22748_33156_5665_CCFv3,#145904,cluster_2
241,SEU-ALLEN_local_17542_22767_20618_6427_CCFv3,#29f9ba,cluster_2
242,SEU-ALLEN_local_17542_22790_33440_5623_CCFv3,#d6a4a5,cluster_2
243,SEU-ALLEN_local_17542_22838_38894_6351_CCFv3,#a1fb3a,cluster_2
244,SEU-ALLEN_local_17542_22884_38952_6460_CCFv3,#858314,cluster_2
245,SEU-ALLEN_local_17542_23105_34708_5719_CCFv3,#6894a9,cluster_2
246,SEU-ALLEN_local_17542_23455_34023_6110_CCFv3,#a0dcb5,cluster_2
247,SEU-ALLEN_local_17542_23517_37665_6425_CCFv3,#7a350b,cluster_2
248,SEU-ALLEN_local_17542_23523_34261_6111_CCFv3,#87fea0,cluster_2
249,SEU-ALLEN_local_17542_23618_34125_6293_CCFv3,#caa471,cluster_2
250,SEU-ALLEN_local_17542_23623_34667_6086_CCFv3,#43027a,cluster_2
251,SEU-ALLEN_local_17542_23629_34410_6196_CCFv3,#999937,cluster_2
252,SEU-ALLEN_local_17542_23789_35197_6218_CCFv3,#ea1956,cluster_2
253,SEU-ALLEN_local_17543_11470_19891_6571_CCFv3,#a1e1fa,cluster_2
254,SEU-ALLEN_local_17543_5304_10671_4814_CCFv3,#25245f,cluster_2
255,SEU-ALLEN_local_17782_8046_8733_6990_CCFv3,#04c4fe,cluster_2
256,SEU-ALLEN_local_17783_18984_6574_5367_CCFv3,#eaa466,cluster_2
257,SEU-ALLEN_local_17783_19047_6966_5025_CCFv3,#3330be,cluster_2
258,SEU-ALLEN_local_17783_19127_6792_4991_CCFv3,#25826d,cluster_2
259,SEU-ALLEN_local_17783_21814_6294_5283_CCFv3,#6d228f,cluster_2
260,SEU-ALLEN_local_17783_22722_6114_5496_CCFv3,#87c859,cluster_2
261,SEU-ALLEN_local_17783_23529_6358_5461_CCFv3,#43d158,cluster_2
262,SEU-ALLEN_local_17783_4420_7863_6436_CCFv3,#b2b149,cluster_2
263,SEU-ALLEN_local_17783_4972_7308_6398_CCFv3,#23389d,cluster_2
264,SEU-ALLEN_local_17785_29494_10709_6204_CCFv3,#7d12d8,cluster_2
265,SEU-ALLEN_local_17785_29533_11215_6196_CCFv3,#bd32a7,cluster_2
266,SEU-ALLEN_local_17785_29583_10333_6132_CCFv3,#91e9de,cluster_2
267,SEU-ALLEN_local_17785_29593_11458_6165_CCFv3,#50c431,cluster_2
268,SEU-ALLEN_local_17785_29599_10989_6161_CCFv3,#e059ba,cluster_2
269,SEU-ALLEN_local_17785_29663_10051_6278_CCFv3,#9ae386,cluster_2
270,SEU-ALLEN_local_17785_4853_12728_6190_CCFv3,#040163,cluster_2
271,SEU-ALLEN_local_17785_5597_7718_6139_CCFv3,#99482b,cluster_2
272,SEU-ALLEN_local_182712_17266_10023_6870_CCFv3,#35094a,cluster_2
273,SEU-ALLEN_local_182712_6552_27967_5608_CCFv3,#44c1ce,cluster_2
274,SEU-ALLEN_local_182712_7248_22220_5480_CCFv3,#876813,cluster_2
275,SEU-ALLEN_local_182712_7942_13291_6029_CCFv3,#3b1977,cluster_2
276,SEU-ALLEN_local_182712_7948_13945_5659_CCFv3,#36cd6b,cluster_2
277,SEU-ALLEN_local_182712_8541_16073_5163_CCFv3,#4f96de,cluster_2
278,SEU-ALLEN_local_182712_8803_15803_5233_CCFv3,#8b7139,cluster_2
279,SEU-ALLEN_local_182722_16808_8089_6067_CCFv3,#90425b,cluster_2
280,SEU-ALLEN_local_182722_8088_14557_4838_CCFv3,#6bd7a6,cluster_2
281,SEU-ALLEN_local_182722_8270_12563_4756_CCFv3,#af8e01,cluster_2
282,SEU-ALLEN_local_182722_8290_12507_4762_CCFv3,#683de8,cluster_2
283,SEU-ALLEN_local_182722_8339_14529_5323_CCFv3,#8728e5,cluster_2
284,SEU-ALLEN_local_182722_8356_12648_4727_CCFv3,#fa20d8,cluster_2
285,SEU-ALLEN_local_182722_8373_14561_5343_CCFv3,#8092f6,cluster_2
286,SEU-ALLEN_local_182722_8386_15010_5327_CCFv3,#1a0250,cluster_2
287,SEU-ALLEN_local_182722_8394_14699_5298_CCFv3,#2f41be,cluster_2
288,SEU-ALLEN_local_182722_8439_15119_5289_CCFv3,#d8deec,cluster_2
289,SEU-ALLEN_local_182722_8451_14808_5312_CCFv3,#8da907,cluster_2
290,SEU-ALLEN_local_182722_8463_14811_5391_CCFv3,#16928a,cluster_2
291,SEU-ALLEN_local_182722_8494_15999_5124_CCFv3,#01d0bd,cluster_2
292,SEU-ALLEN_local_182722_8542_10798_5022_CCFv3,#aac7ec,cluster_2
293,SEU-ALLEN_local_182722_8586_15370_5069_CCFv3,#42facb,cluster_2
294,SEU-ALLEN_local_182722_8598_15463_5065_CCFv3,#861f00,cluster_2
295,SEU-ALLEN_local_182722_8612_15552_5066_CCFv3,#52badf,cluster_2
296,SEU-ALLEN_local_182722_8678_15731_5048_CCFv3,#e23843,cluster_2
297,SEU-ALLEN_local_182722_8720_15956_5073_CCFv3,#daf9c7,cluster_2
298,SEU-ALLEN_local_18454_26139_15137_7080_CCFv3,#04f36d,cluster_2
299,SEU-ALLEN_local_18454_29764_12607_7114_CCFv3,#394788,cluster_2
300,SEU-ALLEN_local_18454_5051_13492_7010_CCFv3,#26865c,cluster_2
301,SEU-ALLEN_local_18454_5086_13319_7020_CCFv3,#4c50d7,cluster_2
302,SEU-ALLEN_local_18454_7244_16430_7014_CCFv3,#127247,cluster_2
303,SEU-ALLEN_local_18454_7622_16530_6769_CCFv3,#bd09e0,cluster_2
304,SEU-ALLEN_local_18454_7955_16822_6971_CCFv3,#4bd2f2,cluster_2
305,SEU-ALLEN_local_18454_8085_16458_6560_CCFv3,#dc0d01,cluster_2
306,SEU-ALLEN_local_18454_8303_16412_6508_CCFv3,#41408a,cluster_2
307,SEU-ALLEN_local_18454_8325_16470_6564_CCFv3,#156a97,cluster_2
308,SEU-ALLEN_local_18454_8483_16774_6697_CCFv3,#9dd409,cluster_2
309,SEU-ALLEN_local_18454_8704_16625_6546_CCFv3,#bab39a,cluster_2
310,SEU-ALLEN_local_18454_8888_16588_6526_CCFv3,#146d19,cluster_2
311,SEU-ALLEN_local_18454_8912_16576_6563_CCFv3,#b732c5,cluster_2
312,SEU-ALLEN_local_18454_8979_16724_6646_CCFv3,#6b8f26,cluster_2
313,SEU-ALLEN_local_18454_9038_17116_6763_CCFv3,#7fc25c,cluster_2
314,SEU-ALLEN_local_18454_9045_16882_6939_CCFv3,#34a15d,cluster_2
315,SEU-ALLEN_local_18454_9113_17069_6870_CCFv3,#b5155d,cluster_2
316,SEU-ALLEN_local_18455_7557_11006_7175_CCFv3,#d010b2,cluster_2
317,SEU-ALLEN_local_18455_7642_11253_7248_CCFv3,#4f219d,cluster_2
318,SEU-ALLEN_local_18455_7829_10224_7213_CCFv3,#7935a2,cluster_2
319,SEU-ALLEN_local_18458_24283_8011_5366_CCFv3,#53336e,cluster_2
320,SEU-ALLEN_local_18458_25589_7457_5683_CCFv3,#5aa69b,cluster_2
321,SEU-ALLEN_local_18458_25755_7416_5645_CCFv3,#d31840,cluster_2
322,SEU-ALLEN_local_18458_25834_7594_5594_CCFv3,#0cb0cc,cluster_2
323,SEU-ALLEN_local_18458_33761_14891_6375_CCFv3,#5bd529,cluster_2
324,SEU-ALLEN_local_18464_14081_8286_5748_CCFv3,#aa1436,cluster_2
325,SEU-ALLEN_local_18464_21768_7079_5582_CCFv3,#d2cc11,cluster_2
326,SEU-ALLEN_local_18464_21773_7096_5559_CCFv3,#7f0fc6,cluster_2
327,SEU-ALLEN_local_18465_8232_15536_6694_CCFv3,#889ac2,cluster_2
328,SEU-ALLEN_local_18467_22570_6409_6360_CCFv3,#518261,cluster_2
329,SEU-ALLEN_local_18469_20004_40687_6548_CCFv3,#37584f,cluster_2
330,SEU-ALLEN_local_18469_8504_33328_5946_CCFv3,#c3dc82,cluster_2
331,SEU-ALLEN_local_18469_8825_33546_5962_CCFv3,#13d3b6,cluster_2
332,SEU-ALLEN_local_18469_9853_31305_5796_CCFv3,#f0fe48,cluster_2
333,SEU-ALLEN_local_18470_19368_39807_5570_CCFv3,#71e2d5,cluster_2
334,SEU-ALLEN_local_18470_19772_38813_5569_CCFv3,#662e68,cluster_2
335,SEU-ALLEN_local_18472_18044_8067_5308_CCFv3,#ebacdd,cluster_2
336,SEU-ALLEN_local_18472_18146_8125_5369_CCFv3,#b3066d,cluster_2
337,SEU-ALLEN_local_18861_31793_10409_6451_CCFv3,#9c41fa,cluster_2
338,SEU-ALLEN_local_18861_8130_8293_6682_CCFv3,#748765,cluster_2
339,SEU-ALLEN_local_18861_8219_8096_6634_CCFv3,#722309,cluster_2
340,SEU-ALLEN_local_18861_8239_8059_6589_CCFv3,#0c1dbe,cluster_2
341,SEU-ALLEN_local_18861_8338_8514_6289_CCFv3,#62e1e8,cluster_2
342,SEU-ALLEN_local_18861_8351_7942_6588_CCFv3,#cc03bb,cluster_2
343,SEU-ALLEN_local_18861_8406_8287_6303_CCFv3,#a811f3,cluster_2
344,SEU-ALLEN_local_18861_8509_7685_6586_CCFv3,#8ea50f,cluster_2
345,SEU-ALLEN_local_18861_8570_7702_6512_CCFv3,#238b1d,cluster_2
346,SEU-ALLEN_local_18861_8645_7592_6462_CCFv3,#8ee978,cluster_2
347,SEU-ALLEN_local_18861_8742_7628_6350_CCFv3,#b3c96c,cluster_2
348,SEU-ALLEN_local_18861_8828_7958_6174_CCFv3,#cca2a5,cluster_2
349,SEU-ALLEN_local_18866_21814_11862_6698_CCFv3,#a98c79,cluster_2
350,SEU-ALLEN_local_18866_24051_9729_6760_CCFv3,#0e21a8,cluster_2
351,SEU-ALLEN_local_18866_24146_9776_6878_CCFv3,#3b0e12,cluster_2
352,SEU-ALLEN_local_18866_24244_9025_6791_CCFv3,#85bdff,cluster_2
353,SEU-ALLEN_local_18866_24398_9321_7033_CCFv3,#5b6d3d,cluster_2
354,SEU-ALLEN_local_18867_8583_8642_7138_CCFv3,#87eb35,cluster_2
355,SEU-ALLEN_local_18868_31058_12914_6850_CCFv3,#139672,cluster_2
356,SEU-ALLEN_local_18872_10454_4336_5072_CCFv3,#378089,cluster_2
357,SEU-ALLEN_local_18872_11169_4643_5637_CCFv3,#de7f24,cluster_2
358,SEU-ALLEN_local_18872_11842_4857_5590_CCFv3,#b0fde6,cluster_2
359,SEU-ALLEN_local_18872_11882_4919_5585_CCFv3,#a09a50,cluster_2
360,SEU-ALLEN_local_18872_14391_4969_5436_CCFv3,#df6f04,cluster_2
361,SEU-ALLEN_local_18872_14478_4908_5422_CCFv3,#3b35ec,cluster_2
362,SEU-ALLEN_local_18872_14487_4963_5464_CCFv3,#c53855,cluster_2
363,SEU-ALLEN_local_18872_14547_4959_5456_CCFv3,#615201,cluster_2
364,SEU-ALLEN_local_18872_14600_4975_5460_CCFv3,#826afd,cluster_2
365,SEU-ALLEN_local_18872_14879_4819_5541_CCFv3,#16b9d4,cluster_2
366,SEU-ALLEN_local_18872_14937_4724_5463_CCFv3,#df42ee,cluster_2
367,SEU-ALLEN_local_18872_15100_4716_5532_CCFv3,#00ddad,cluster_2
368,SEU-ALLEN_local_18872_15239_4555_5521_CCFv3,#64e1c9,cluster_2
369,SEU-ALLEN_local_18872_15288_4556_5551_CCFv3,#ba7b3c,cluster_2
370,SEU-ALLEN_local_18872_15341_4504_5571_CCFv3,#dcd303,cluster_2
371,SEU-ALLEN_local_18872_15827_4417_5643_CCFv3,#23d39b,cluster_2
372,SEU-ALLEN_local_18872_15872_4308_5577_CCFv3,#a90ffa,cluster_2
373,SEU-ALLEN_local_18872_15883_4259_5599_CCFv3,#a0b98d,cluster_2
374,SEU-ALLEN_local_18872_16277_4220_5702_CCFv3,#3fcee3,cluster_2
375,SEU-ALLEN_local_18872_19509_10654_6370_CCFv3,#99c3d7,cluster_2
376,SEU-ALLEN_local_18872_21318_5368_5963_CCFv3,#9e5a8f,cluster_2
377,SEU-ALLEN_local_191797_4132_20521_6262_CCFv3,#d118e0,cluster_2
378,SEU-ALLEN_local_191797_4695_17332_5625_CCFv3,#a70172,cluster_2
379,SEU-ALLEN_local_191797_4865_17095_5749_CCFv3,#ce076c,cluster_2
380,SEU-ALLEN_local_191797_5030_19561_6199_CCFv3,#97601e,cluster_2
381,SEU-ALLEN_local_191797_5032_19248_5823_CCFv3,#412bdd,cluster_2
382,SEU-ALLEN_local_191797_5364_11157_5988_CCFv3,#6238dd,cluster_2
383,SEU-ALLEN_local_191797_5429_11704_5860_CCFv3,#d744bd,cluster_2
384,SEU-ALLEN_local_191797_5444_11732_6079_CCFv3,#c21f54,cluster_2
385,SEU-ALLEN_local_191797_5444_11804_5774_CCFv3,#591a1c,cluster_2
386,SEU-ALLEN_local_191797_5474_10653_5826_CCFv3,#9a161a,cluster_2
387,SEU-ALLEN_local_191797_5476_11650_5974_CCFv3,#cfe915,cluster_2
388,SEU-ALLEN_local_191797_5478_11753_6035_CCFv3,#003535,cluster_2
389,SEU-ALLEN_local_191797_5478_11768_5931_CCFv3,#9b957f,cluster_2
390,SEU-ALLEN_local_191797_5554_10274_6271_CCFv3,#92e65a,cluster_2
391,SEU-ALLEN_local_191797_5560_11866_6096_CCFv3,#6b9d10,cluster_2
392,SEU-ALLEN_local_191797_5560_12284_5912_CCFv3,#dc1a4c,cluster_2
393,SEU-ALLEN_local_191797_5564_12072_5925_CCFv3,#a4fdd9,cluster_2
394,SEU-ALLEN_local_191797_5591_12188_5803_CCFv3,#ee12ee,cluster_2
395,SEU-ALLEN_local_191797_5619_12246_5809_CCFv3,#e231c6,cluster_2
396,SEU-ALLEN_local_191797_5652_12321_5819_CCFv3,#e262c4,cluster_2
397,SEU-ALLEN_local_191797_5652_9677_6466_CCFv3,#6d6a45,cluster_2
398,SEU-ALLEN_local_191797_5659_11167_5641_CCFv3,#f24575,cluster_2
399,SEU-ALLEN_local_191797_5663_11113_6084_CCFv3,#56e1ca,cluster_2
